<annotation>
	<folder>dataset</folder>
	<filename>msg1248233413-26782.jpg</filename>
	<path>C:\Users\arhip\Downloads\dataset\msg1248233413-26782.jpg</path>
	<source>
		<database>Unknown</database>
	</source>
	<size>
		<width>920</width>
		<height>600</height>
		<depth>3</depth>
	</size>
	<segmented>0</segmented>
	<object>
		<name>sombie</name>
		<pose>Unspecified</pose>
		<truncated>1</truncated>
		<difficult>0</difficult>
		<bndbox>
			<xmin>593</xmin>
			<ymin>33</ymin>
			<xmax>834</xmax>
			<ymax>600</ymax>
		</bndbox>
	</object>
	<object>
		<name>pedestrian</name>
		<pose>Unspecified</pose>
		<truncated>0</truncated>
		<difficult>0</difficult>
		<bndbox>
			<xmin>104</xmin>
			<ymin>117</ymin>
			<xmax>185</xmax>
			<ymax>301</ymax>
		</bndbox>
	</object>
</annotation>
