<annotation>
	<folder>dataset</folder>
	<filename>msg1248233413-26779.jpg</filename>
	<path>C:\Users\arhip\Downloads\dataset\msg1248233413-26779.jpg</path>
	<source>
		<database>Unknown</database>
	</source>
	<size>
		<width>1280</width>
		<height>762</height>
		<depth>3</depth>
	</size>
	<segmented>0</segmented>
	<object>
		<name>sombie</name>
		<pose>Unspecified</pose>
		<truncated>1</truncated>
		<difficult>0</difficult>
		<bndbox>
			<xmin>83</xmin>
			<ymin>28</ymin>
			<xmax>459</xmax>
			<ymax>762</ymax>
		</bndbox>
	</object>
	<object>
		<name>sombie</name>
		<pose>Unspecified</pose>
		<truncated>1</truncated>
		<difficult>0</difficult>
		<bndbox>
			<xmin>462</xmin>
			<ymin>100</ymin>
			<xmax>803</xmax>
			<ymax>762</ymax>
		</bndbox>
	</object>
	<object>
		<name>sombie</name>
		<pose>Unspecified</pose>
		<truncated>1</truncated>
		<difficult>0</difficult>
		<bndbox>
			<xmin>776</xmin>
			<ymin>128</ymin>
			<xmax>1081</xmax>
			<ymax>762</ymax>
		</bndbox>
	</object>
</annotation>
