<annotation>
	<folder>dataset</folder>
	<filename>msg1248233413-26734.jpg</filename>
	<path>C:\Users\arhip\Downloads\dataset\msg1248233413-26734.jpg</path>
	<source>
		<database>Unknown</database>
	</source>
	<size>
		<width>1280</width>
		<height>960</height>
		<depth>3</depth>
	</size>
	<segmented>0</segmented>
	<object>
		<name>sombie</name>
		<pose>Unspecified</pose>
		<truncated>0</truncated>
		<difficult>0</difficult>
		<bndbox>
			<xmin>508</xmin>
			<ymin>190</ymin>
			<xmax>754</xmax>
			<ymax>812</ymax>
		</bndbox>
	</object>
	<object>
		<name>sombie</name>
		<pose>Unspecified</pose>
		<truncated>0</truncated>
		<difficult>0</difficult>
		<bndbox>
			<xmin>201</xmin>
			<ymin>142</ymin>
			<xmax>428</xmax>
			<ymax>832</ymax>
		</bndbox>
	</object>
</annotation>
