<annotation>
	<folder>dataset</folder>
	<filename>msg1248233413-26769.jpg</filename>
	<path>C:\Users\arhip\Downloads\dataset\msg1248233413-26769.jpg</path>
	<source>
		<database>Unknown</database>
	</source>
	<size>
		<width>1280</width>
		<height>960</height>
		<depth>3</depth>
	</size>
	<segmented>0</segmented>
	<object>
		<name>sombie</name>
		<pose>Unspecified</pose>
		<truncated>0</truncated>
		<difficult>0</difficult>
		<bndbox>
			<xmin>824</xmin>
			<ymin>383</ymin>
			<xmax>947</xmax>
			<ymax>617</ymax>
		</bndbox>
	</object>
	<object>
		<name>pedestrian</name>
		<pose>Unspecified</pose>
		<truncated>0</truncated>
		<difficult>0</difficult>
		<bndbox>
			<xmin>1166</xmin>
			<ymin>379</ymin>
			<xmax>1269</xmax>
			<ymax>589</ymax>
		</bndbox>
	</object>
</annotation>
