<annotation>
	<folder>dataset</folder>
	<filename>msg1248233413-26648.jpg</filename>
	<path>C:\Users\arhip\Downloads\dataset\msg1248233413-26648.jpg</path>
	<source>
		<database>Unknown</database>
	</source>
	<size>
		<width>1280</width>
		<height>960</height>
		<depth>3</depth>
	</size>
	<segmented>0</segmented>
	<object>
		<name>sombie</name>
		<pose>Unspecified</pose>
		<truncated>0</truncated>
		<difficult>0</difficult>
		<bndbox>
			<xmin>529</xmin>
			<ymin>395</ymin>
			<xmax>615</xmax>
			<ymax>554</ymax>
		</bndbox>
	</object>
	<object>
		<name>pedestrian</name>
		<pose>Unspecified</pose>
		<truncated>0</truncated>
		<difficult>0</difficult>
		<bndbox>
			<xmin>1092</xmin>
			<ymin>391</ymin>
			<xmax>1185</xmax>
			<ymax>557</ymax>
		</bndbox>
	</object>
</annotation>
