<annotation>
	<folder>dataset</folder>
	<filename>msg1248233413-26697.jpg</filename>
	<path>C:\Users\arhip\Downloads\dataset\msg1248233413-26697.jpg</path>
	<source>
		<database>Unknown</database>
	</source>
	<size>
		<width>1280</width>
		<height>960</height>
		<depth>3</depth>
	</size>
	<segmented>0</segmented>
	<object>
		<name>pedestrian</name>
		<pose>Unspecified</pose>
		<truncated>0</truncated>
		<difficult>0</difficult>
		<bndbox>
			<xmin>184</xmin>
			<ymin>339</ymin>
			<xmax>355</xmax>
			<ymax>648</ymax>
		</bndbox>
	</object>
	<object>
		<name>sombie</name>
		<pose>Unspecified</pose>
		<truncated>0</truncated>
		<difficult>0</difficult>
		<bndbox>
			<xmin>653</xmin>
			<ymin>319</ymin>
			<xmax>873</xmax>
			<ymax>739</ymax>
		</bndbox>
	</object>
</annotation>
