<annotation>
	<folder>dataset</folder>
	<filename>msg1248233413-26786.jpg</filename>
	<path>C:\Users\arhip\Downloads\dataset\msg1248233413-26786.jpg</path>
	<source>
		<database>Unknown</database>
	</source>
	<size>
		<width>650</width>
		<height>366</height>
		<depth>3</depth>
	</size>
	<segmented>0</segmented>
	<object>
		<name>sombie</name>
		<pose>Unspecified</pose>
		<truncated>1</truncated>
		<difficult>0</difficult>
		<bndbox>
			<xmin>265</xmin>
			<ymin>35</ymin>
			<xmax>383</xmax>
			<ymax>366</ymax>
		</bndbox>
	</object>
</annotation>
