<annotation>
	<folder>dataset</folder>
	<filename>msg1248233413-26656.jpg</filename>
	<path>C:\Users\arhip\Downloads\dataset\msg1248233413-26656.jpg</path>
	<source>
		<database>Unknown</database>
	</source>
	<size>
		<width>1280</width>
		<height>960</height>
		<depth>3</depth>
	</size>
	<segmented>0</segmented>
	<object>
		<name>sombie</name>
		<pose>Unspecified</pose>
		<truncated>0</truncated>
		<difficult>0</difficult>
		<bndbox>
			<xmin>72</xmin>
			<ymin>272</ymin>
			<xmax>276</xmax>
			<ymax>529</ymax>
		</bndbox>
	</object>
	<object>
		<name>pedestrian</name>
		<pose>Unspecified</pose>
		<truncated>0</truncated>
		<difficult>0</difficult>
		<bndbox>
			<xmin>1084</xmin>
			<ymin>147</ymin>
			<xmax>1171</xmax>
			<ymax>304</ymax>
		</bndbox>
	</object>
</annotation>
