<annotation>
	<folder>dataset</folder>
	<filename>msg1248233413-26731.jpg</filename>
	<path>C:\Users\arhip\Downloads\dataset\msg1248233413-26731.jpg</path>
	<source>
		<database>Unknown</database>
	</source>
	<size>
		<width>1280</width>
		<height>960</height>
		<depth>3</depth>
	</size>
	<segmented>0</segmented>
	<object>
		<name>sombie</name>
		<pose>Unspecified</pose>
		<truncated>0</truncated>
		<difficult>0</difficult>
		<bndbox>
			<xmin>11</xmin>
			<ymin>233</ymin>
			<xmax>136</xmax>
			<ymax>743</ymax>
		</bndbox>
	</object>
	<object>
		<name>sombie</name>
		<pose>Unspecified</pose>
		<truncated>0</truncated>
		<difficult>0</difficult>
		<bndbox>
			<xmin>121</xmin>
			<ymin>246</ymin>
			<xmax>313</xmax>
			<ymax>678</ymax>
		</bndbox>
	</object>
	<object>
		<name>sombie</name>
		<pose>Unspecified</pose>
		<truncated>0</truncated>
		<difficult>0</difficult>
		<bndbox>
			<xmin>1070</xmin>
			<ymin>254</ymin>
			<xmax>1219</xmax>
			<ymax>637</ymax>
		</bndbox>
	</object>
</annotation>
