<annotation>
	<folder>dataset</folder>
	<filename>msg1248233413-26717.jpg</filename>
	<path>C:\Users\arhip\Downloads\dataset\msg1248233413-26717.jpg</path>
	<source>
		<database>Unknown</database>
	</source>
	<size>
		<width>1280</width>
		<height>960</height>
		<depth>3</depth>
	</size>
	<segmented>0</segmented>
	<object>
		<name>sombie</name>
		<pose>Unspecified</pose>
		<truncated>0</truncated>
		<difficult>0</difficult>
		<bndbox>
			<xmin>3</xmin>
			<ymin>188</ymin>
			<xmax>300</xmax>
			<ymax>861</ymax>
		</bndbox>
	</object>
	<object>
		<name>sombie</name>
		<pose>Unspecified</pose>
		<truncated>0</truncated>
		<difficult>0</difficult>
		<bndbox>
			<xmin>310</xmin>
			<ymin>146</ymin>
			<xmax>481</xmax>
			<ymax>571</ymax>
		</bndbox>
	</object>
	<object>
		<name>pedestrian</name>
		<pose>Unspecified</pose>
		<truncated>0</truncated>
		<difficult>0</difficult>
		<bndbox>
			<xmin>437</xmin>
			<ymin>122</ymin>
			<xmax>675</xmax>
			<ymax>488</ymax>
		</bndbox>
	</object>
</annotation>
