<annotation>
	<folder>dataset</folder>
	<filename>msg1248233413-26791.jpg</filename>
	<path>C:\Users\arhip\Downloads\dataset\msg1248233413-26791.jpg</path>
	<source>
		<database>Unknown</database>
	</source>
	<size>
		<width>1280</width>
		<height>720</height>
		<depth>3</depth>
	</size>
	<segmented>0</segmented>
	<object>
		<name>sombie</name>
		<pose>Unspecified</pose>
		<truncated>0</truncated>
		<difficult>0</difficult>
		<bndbox>
			<xmin>567</xmin>
			<ymin>91</ymin>
			<xmax>749</xmax>
			<ymax>504</ymax>
		</bndbox>
	</object>
	<object>
		<name>pedestrian</name>
		<pose>Unspecified</pose>
		<truncated>0</truncated>
		<difficult>0</difficult>
		<bndbox>
			<xmin>159</xmin>
			<ymin>62</ymin>
			<xmax>333</xmax>
			<ymax>469</ymax>
		</bndbox>
	</object>
	<object>
		<name>pedestrian</name>
		<pose>Unspecified</pose>
		<truncated>0</truncated>
		<difficult>0</difficult>
		<bndbox>
			<xmin>949</xmin>
			<ymin>83</ymin>
			<xmax>1172</xmax>
			<ymax>478</ymax>
		</bndbox>
	</object>
</annotation>
