<annotation>
	<folder>dataset</folder>
	<filename>msg1248233413-26775.jpg</filename>
	<path>C:\Users\arhip\Downloads\dataset\msg1248233413-26775.jpg</path>
	<source>
		<database>Unknown</database>
	</source>
	<size>
		<width>1237</width>
		<height>1280</height>
		<depth>3</depth>
	</size>
	<segmented>0</segmented>
	<object>
		<name>sombie</name>
		<pose>Unspecified</pose>
		<truncated>0</truncated>
		<difficult>0</difficult>
		<bndbox>
			<xmin>200</xmin>
			<ymin>34</ymin>
			<xmax>641</xmax>
			<ymax>1223</ymax>
		</bndbox>
	</object>
	<object>
		<name>pedestrian</name>
		<pose>Unspecified</pose>
		<truncated>0</truncated>
		<difficult>0</difficult>
		<bndbox>
			<xmin>653</xmin>
			<ymin>107</ymin>
			<xmax>1091</xmax>
			<ymax>1230</ymax>
		</bndbox>
	</object>
</annotation>
