<annotation>
	<folder>dataset</folder>
	<filename>msg1248233413-26664.jpg</filename>
	<path>C:\Users\arhip\Downloads\dataset\msg1248233413-26664.jpg</path>
	<source>
		<database>Unknown</database>
	</source>
	<size>
		<width>1280</width>
		<height>960</height>
		<depth>3</depth>
	</size>
	<segmented>0</segmented>
	<object>
		<name>sombie</name>
		<pose>Unspecified</pose>
		<truncated>1</truncated>
		<difficult>0</difficult>
		<bndbox>
			<xmin>500</xmin>
			<ymin>4</ymin>
			<xmax>938</xmax>
			<ymax>960</ymax>
		</bndbox>
	</object>
	<object>
		<name>sombie</name>
		<pose>Unspecified</pose>
		<truncated>1</truncated>
		<difficult>0</difficult>
		<bndbox>
			<xmin>9</xmin>
			<ymin>1</ymin>
			<xmax>388</xmax>
			<ymax>960</ymax>
		</bndbox>
	</object>
</annotation>
