<annotation>
	<folder>dataset</folder>
	<filename>msg1248233413-26701.jpg</filename>
	<path>C:\Users\arhip\Downloads\dataset\msg1248233413-26701.jpg</path>
	<source>
		<database>Unknown</database>
	</source>
	<size>
		<width>1280</width>
		<height>960</height>
		<depth>3</depth>
	</size>
	<segmented>0</segmented>
	<object>
		<name>sombie</name>
		<pose>Unspecified</pose>
		<truncated>0</truncated>
		<difficult>0</difficult>
		<bndbox>
			<xmin>354</xmin>
			<ymin>149</ymin>
			<xmax>673</xmax>
			<ymax>753</ymax>
		</bndbox>
	</object>
	<object>
		<name>pedestrian</name>
		<pose>Unspecified</pose>
		<truncated>0</truncated>
		<difficult>0</difficult>
		<bndbox>
			<xmin>629</xmin>
			<ymin>164</ymin>
			<xmax>900</xmax>
			<ymax>831</ymax>
		</bndbox>
	</object>
</annotation>
