<annotation>
	<folder>dataset</folder>
	<filename>msg1248233413-26749.jpg</filename>
	<path>C:\Users\arhip\Downloads\dataset\msg1248233413-26749.jpg</path>
	<source>
		<database>Unknown</database>
	</source>
	<size>
		<width>1280</width>
		<height>960</height>
		<depth>3</depth>
	</size>
	<segmented>0</segmented>
	<object>
		<name>sombie</name>
		<pose>Unspecified</pose>
		<truncated>0</truncated>
		<difficult>0</difficult>
		<bndbox>
			<xmin>636</xmin>
			<ymin>376</ymin>
			<xmax>743</xmax>
			<ymax>627</ymax>
		</bndbox>
	</object>
	<object>
		<name>pedestrian</name>
		<pose>Unspecified</pose>
		<truncated>0</truncated>
		<difficult>0</difficult>
		<bndbox>
			<xmin>493</xmin>
			<ymin>412</ymin>
			<xmax>568</xmax>
			<ymax>578</ymax>
		</bndbox>
	</object>
</annotation>
