<annotation>
	<folder>dataset</folder>
	<filename>msg1248233413-26761.jpg</filename>
	<path>C:\Users\arhip\Downloads\dataset\msg1248233413-26761.jpg</path>
	<source>
		<database>Unknown</database>
	</source>
	<size>
		<width>1280</width>
		<height>960</height>
		<depth>3</depth>
	</size>
	<segmented>0</segmented>
	<object>
		<name>sombie</name>
		<pose>Unspecified</pose>
		<truncated>0</truncated>
		<difficult>0</difficult>
		<bndbox>
			<xmin>531</xmin>
			<ymin>355</ymin>
			<xmax>594</xmax>
			<ymax>475</ymax>
		</bndbox>
	</object>
	<object>
		<name>pedestrian</name>
		<pose>Unspecified</pose>
		<truncated>0</truncated>
		<difficult>0</difficult>
		<bndbox>
			<xmin>482</xmin>
			<ymin>370</ymin>
			<xmax>536</xmax>
			<ymax>437</ymax>
		</bndbox>
	</object>
</annotation>
