<annotation>
	<folder>dataset</folder>
	<filename>msg1248233413-26685.jpg</filename>
	<path>C:\Users\arhip\Downloads\dataset\msg1248233413-26685.jpg</path>
	<source>
		<database>Unknown</database>
	</source>
	<size>
		<width>1280</width>
		<height>960</height>
		<depth>3</depth>
	</size>
	<segmented>0</segmented>
	<object>
		<name>pedestrian</name>
		<pose>Unspecified</pose>
		<truncated>0</truncated>
		<difficult>0</difficult>
		<bndbox>
			<xmin>724</xmin>
			<ymin>257</ymin>
			<xmax>896</xmax>
			<ymax>646</ymax>
		</bndbox>
	</object>
	<object>
		<name>pedestrian</name>
		<pose>Unspecified</pose>
		<truncated>0</truncated>
		<difficult>0</difficult>
		<bndbox>
			<xmin>625</xmin>
			<ymin>239</ymin>
			<xmax>742</xmax>
			<ymax>578</ymax>
		</bndbox>
	</object>
	<object>
		<name>sombie</name>
		<pose>Unspecified</pose>
		<truncated>0</truncated>
		<difficult>0</difficult>
		<bndbox>
			<xmin>347</xmin>
			<ymin>242</ymin>
			<xmax>481</xmax>
			<ymax>597</ymax>
		</bndbox>
	</object>
</annotation>
