<annotation>
	<folder>dataset</folder>
	<filename>msg1248233413-26771.jpg</filename>
	<path>C:\Users\arhip\Downloads\dataset\msg1248233413-26771.jpg</path>
	<source>
		<database>Unknown</database>
	</source>
	<size>
		<width>1280</width>
		<height>960</height>
		<depth>3</depth>
	</size>
	<segmented>0</segmented>
	<object>
		<name>sombie</name>
		<pose>Unspecified</pose>
		<truncated>0</truncated>
		<difficult>0</difficult>
		<bndbox>
			<xmin>675</xmin>
			<ymin>396</ymin>
			<xmax>775</xmax>
			<ymax>578</ymax>
		</bndbox>
	</object>
	<object>
		<name>pedestrian</name>
		<pose>Unspecified</pose>
		<truncated>0</truncated>
		<difficult>0</difficult>
		<bndbox>
			<xmin>883</xmin>
			<ymin>395</ymin>
			<xmax>1004</xmax>
			<ymax>570</ymax>
		</bndbox>
	</object>
</annotation>
