<annotation>
	<folder>dataset</folder>
	<filename>msg1248233413-26751.jpg</filename>
	<path>C:\Users\arhip\Downloads\dataset\msg1248233413-26751.jpg</path>
	<source>
		<database>Unknown</database>
	</source>
	<size>
		<width>1280</width>
		<height>960</height>
		<depth>3</depth>
	</size>
	<segmented>0</segmented>
	<object>
		<name>pedestrian</name>
		<pose>Unspecified</pose>
		<truncated>0</truncated>
		<difficult>0</difficult>
		<bndbox>
			<xmin>121</xmin>
			<ymin>235</ymin>
			<xmax>331</xmax>
			<ymax>597</ymax>
		</bndbox>
	</object>
	<object>
		<name>sombie</name>
		<pose>Unspecified</pose>
		<truncated>0</truncated>
		<difficult>0</difficult>
		<bndbox>
			<xmin>497</xmin>
			<ymin>273</ymin>
			<xmax>682</xmax>
			<ymax>630</ymax>
		</bndbox>
	</object>
	<object>
		<name>pedestrian</name>
		<pose>Unspecified</pose>
		<truncated>0</truncated>
		<difficult>0</difficult>
		<bndbox>
			<xmin>737</xmin>
			<ymin>289</ymin>
			<xmax>865</xmax>
			<ymax>543</ymax>
		</bndbox>
	</object>
</annotation>
