<annotation>
	<folder>dataset</folder>
	<filename>msg1248233413-26715.jpg</filename>
	<path>C:\Users\arhip\Downloads\dataset\msg1248233413-26715.jpg</path>
	<source>
		<database>Unknown</database>
	</source>
	<size>
		<width>1280</width>
		<height>960</height>
		<depth>3</depth>
	</size>
	<segmented>0</segmented>
	<object>
		<name>sombie</name>
		<pose>Unspecified</pose>
		<truncated>0</truncated>
		<difficult>0</difficult>
		<bndbox>
			<xmin>190</xmin>
			<ymin>283</ymin>
			<xmax>414</xmax>
			<ymax>819</ymax>
		</bndbox>
	</object>
	<object>
		<name>sombie</name>
		<pose>Unspecified</pose>
		<truncated>0</truncated>
		<difficult>0</difficult>
		<bndbox>
			<xmin>393</xmin>
			<ymin>278</ymin>
			<xmax>543</xmax>
			<ymax>648</ymax>
		</bndbox>
	</object>
	<object>
		<name>pedestrian</name>
		<pose>Unspecified</pose>
		<truncated>0</truncated>
		<difficult>0</difficult>
		<bndbox>
			<xmin>559</xmin>
			<ymin>250</ymin>
			<xmax>691</xmax>
			<ymax>585</ymax>
		</bndbox>
	</object>
</annotation>
