<annotation>
	<folder>dataset</folder>
	<filename>msg1248233413-26670.jpg</filename>
	<path>C:\Users\arhip\Downloads\dataset\msg1248233413-26670.jpg</path>
	<source>
		<database>Unknown</database>
	</source>
	<size>
		<width>1280</width>
		<height>960</height>
		<depth>3</depth>
	</size>
	<segmented>0</segmented>
	<object>
		<name>pedestrian</name>
		<pose>Unspecified</pose>
		<truncated>0</truncated>
		<difficult>0</difficult>
		<bndbox>
			<xmin>244</xmin>
			<ymin>311</ymin>
			<xmax>389</xmax>
			<ymax>609</ymax>
		</bndbox>
	</object>
	<object>
		<name>sombie</name>
		<pose>Unspecified</pose>
		<truncated>0</truncated>
		<difficult>0</difficult>
		<bndbox>
			<xmin>773</xmin>
			<ymin>291</ymin>
			<xmax>963</xmax>
			<ymax>689</ymax>
		</bndbox>
	</object>
</annotation>
