<annotation>
	<folder>dataset</folder>
	<filename>msg1248233413-26688.jpg</filename>
	<path>C:\Users\arhip\Downloads\dataset\msg1248233413-26688.jpg</path>
	<source>
		<database>Unknown</database>
	</source>
	<size>
		<width>1280</width>
		<height>967</height>
		<depth>3</depth>
	</size>
	<segmented>0</segmented>
	<object>
		<name>sombie</name>
		<pose>Unspecified</pose>
		<truncated>0</truncated>
		<difficult>0</difficult>
		<bndbox>
			<xmin>326</xmin>
			<ymin>244</ymin>
			<xmax>473</xmax>
			<ymax>597</ymax>
		</bndbox>
	</object>
	<object>
		<name>pedestrian</name>
		<pose>Unspecified</pose>
		<truncated>0</truncated>
		<difficult>0</difficult>
		<bndbox>
			<xmin>607</xmin>
			<ymin>241</ymin>
			<xmax>737</xmax>
			<ymax>595</ymax>
		</bndbox>
	</object>
	<object>
		<name>pedestrian</name>
		<pose>Unspecified</pose>
		<truncated>0</truncated>
		<difficult>0</difficult>
		<bndbox>
			<xmin>734</xmin>
			<ymin>271</ymin>
			<xmax>883</xmax>
			<ymax>655</ymax>
		</bndbox>
	</object>
</annotation>
