<annotation>
	<folder>dataset</folder>
	<filename>msg1248233413-26793.jpg</filename>
	<path>C:\Users\arhip\Downloads\dataset\msg1248233413-26793.jpg</path>
	<source>
		<database>Unknown</database>
	</source>
	<size>
		<width>1114</width>
		<height>1280</height>
		<depth>3</depth>
	</size>
	<segmented>0</segmented>
	<object>
		<name>sombie</name>
		<pose>Unspecified</pose>
		<truncated>0</truncated>
		<difficult>0</difficult>
		<bndbox>
			<xmin>452</xmin>
			<ymin>194</ymin>
			<xmax>864</xmax>
			<ymax>1201</ymax>
		</bndbox>
	</object>
	<object>
		<name>pedestrian</name>
		<pose>Unspecified</pose>
		<truncated>0</truncated>
		<difficult>0</difficult>
		<bndbox>
			<xmin>91</xmin>
			<ymin>112</ymin>
			<xmax>431</xmax>
			<ymax>1090</ymax>
		</bndbox>
	</object>
</annotation>
