<annotation>
	<folder>dataset</folder>
	<filename>msg1248233413-26689.jpg</filename>
	<path>C:\Users\arhip\Downloads\dataset\msg1248233413-26689.jpg</path>
	<source>
		<database>Unknown</database>
	</source>
	<size>
		<width>1280</width>
		<height>960</height>
		<depth>3</depth>
	</size>
	<segmented>0</segmented>
	<object>
		<name>pedestrian</name>
		<pose>Unspecified</pose>
		<truncated>0</truncated>
		<difficult>0</difficult>
		<bndbox>
			<xmin>444</xmin>
			<ymin>197</ymin>
			<xmax>563</xmax>
			<ymax>500</ymax>
		</bndbox>
	</object>
	<object>
		<name>pedestrian</name>
		<pose>Unspecified</pose>
		<truncated>0</truncated>
		<difficult>0</difficult>
		<bndbox>
			<xmin>593</xmin>
			<ymin>201</ymin>
			<xmax>747</xmax>
			<ymax>532</ymax>
		</bndbox>
	</object>
	<object>
		<name>sombie</name>
		<pose>Unspecified</pose>
		<truncated>0</truncated>
		<difficult>0</difficult>
		<bndbox>
			<xmin>246</xmin>
			<ymin>208</ymin>
			<xmax>355</xmax>
			<ymax>500</ymax>
		</bndbox>
	</object>
</annotation>
