<annotation>
	<folder>dataset</folder>
	<filename>msg1248233413-26700.jpg</filename>
	<path>C:\Users\arhip\Downloads\dataset\msg1248233413-26700.jpg</path>
	<source>
		<database>Unknown</database>
	</source>
	<size>
		<width>1280</width>
		<height>960</height>
		<depth>3</depth>
	</size>
	<segmented>0</segmented>
	<object>
		<name>sombie</name>
		<pose>Unspecified</pose>
		<truncated>0</truncated>
		<difficult>0</difficult>
		<bndbox>
			<xmin>559</xmin>
			<ymin>264</ymin>
			<xmax>669</xmax>
			<ymax>457</ymax>
		</bndbox>
	</object>
	<object>
		<name>sombie</name>
		<pose>Unspecified</pose>
		<truncated>0</truncated>
		<difficult>0</difficult>
		<bndbox>
			<xmin>498</xmin>
			<ymin>265</ymin>
			<xmax>567</xmax>
			<ymax>444</ymax>
		</bndbox>
	</object>
	<object>
		<name>pedestrian</name>
		<pose>Unspecified</pose>
		<truncated>0</truncated>
		<difficult>0</difficult>
		<bndbox>
			<xmin>671</xmin>
			<ymin>274</ymin>
			<xmax>738</xmax>
			<ymax>422</ymax>
		</bndbox>
	</object>
</annotation>
