<annotation>
	<folder>dataset</folder>
	<filename>msg1248233413-26784.jpg</filename>
	<path>C:\Users\arhip\Downloads\dataset\msg1248233413-26784.jpg</path>
	<source>
		<database>Unknown</database>
	</source>
	<size>
		<width>615</width>
		<height>409</height>
		<depth>3</depth>
	</size>
	<segmented>0</segmented>
	<object>
		<name>sombie</name>
		<pose>Unspecified</pose>
		<truncated>0</truncated>
		<difficult>0</difficult>
		<bndbox>
			<xmin>367</xmin>
			<ymin>50</ymin>
			<xmax>468</xmax>
			<ymax>313</ymax>
		</bndbox>
	</object>
	<object>
		<name>sombie</name>
		<pose>Unspecified</pose>
		<truncated>0</truncated>
		<difficult>0</difficult>
		<bndbox>
			<xmin>332</xmin>
			<ymin>85</ymin>
			<xmax>370</xmax>
			<ymax>191</ymax>
		</bndbox>
	</object>
</annotation>
