<annotation>
	<folder>dataset</folder>
	<filename>msg1248233413-26690.jpg</filename>
	<path>C:\Users\arhip\Downloads\dataset\msg1248233413-26690.jpg</path>
	<source>
		<database>Unknown</database>
	</source>
	<size>
		<width>1280</width>
		<height>960</height>
		<depth>3</depth>
	</size>
	<segmented>0</segmented>
	<object>
		<name>sombie</name>
		<pose>Unspecified</pose>
		<truncated>0</truncated>
		<difficult>0</difficult>
		<bndbox>
			<xmin>248</xmin>
			<ymin>207</ymin>
			<xmax>363</xmax>
			<ymax>498</ymax>
		</bndbox>
	</object>
	<object>
		<name>pedestrian</name>
		<pose>Unspecified</pose>
		<truncated>0</truncated>
		<difficult>0</difficult>
		<bndbox>
			<xmin>441</xmin>
			<ymin>184</ymin>
			<xmax>572</xmax>
			<ymax>483</ymax>
		</bndbox>
	</object>
	<object>
		<name>pedestrian</name>
		<pose>Unspecified</pose>
		<truncated>0</truncated>
		<difficult>0</difficult>
		<bndbox>
			<xmin>598</xmin>
			<ymin>211</ymin>
			<xmax>733</xmax>
			<ymax>527</ymax>
		</bndbox>
	</object>
</annotation>
