<annotation>
	<folder>dataset</folder>
	<filename>msg1248233413-26696.jpg</filename>
	<path>C:\Users\arhip\Downloads\dataset\msg1248233413-26696.jpg</path>
	<source>
		<database>Unknown</database>
	</source>
	<size>
		<width>1280</width>
		<height>960</height>
		<depth>3</depth>
	</size>
	<segmented>0</segmented>
	<object>
		<name>sombie</name>
		<pose>Unspecified</pose>
		<truncated>1</truncated>
		<difficult>0</difficult>
		<bndbox>
			<xmin>642</xmin>
			<ymin>123</ymin>
			<xmax>1140</xmax>
			<ymax>960</ymax>
		</bndbox>
	</object>
</annotation>
