<annotation>
	<folder>dataset</folder>
	<filename>msg1248233413-26773.jpg</filename>
	<path>C:\Users\arhip\Downloads\dataset\msg1248233413-26773.jpg</path>
	<source>
		<database>Unknown</database>
	</source>
	<size>
		<width>1280</width>
		<height>960</height>
		<depth>3</depth>
	</size>
	<segmented>0</segmented>
	<object>
		<name>sombie</name>
		<pose>Unspecified</pose>
		<truncated>0</truncated>
		<difficult>0</difficult>
		<bndbox>
			<xmin>857</xmin>
			<ymin>341</ymin>
			<xmax>917</xmax>
			<ymax>471</ymax>
		</bndbox>
	</object>
	<object>
		<name>pedestrian</name>
		<pose>Unspecified</pose>
		<truncated>0</truncated>
		<difficult>0</difficult>
		<bndbox>
			<xmin>927</xmin>
			<ymin>339</ymin>
			<xmax>1010</xmax>
			<ymax>468</ymax>
		</bndbox>
	</object>
	<object>
		<name>pedestrian</name>
		<pose>Unspecified</pose>
		<truncated>0</truncated>
		<difficult>0</difficult>
		<bndbox>
			<xmin>1142</xmin>
			<ymin>326</ymin>
			<xmax>1257</xmax>
			<ymax>486</ymax>
		</bndbox>
	</object>
</annotation>
