<annotation>
	<folder>dataset</folder>
	<filename>msg1248233413-26698.jpg</filename>
	<path>C:\Users\arhip\Downloads\dataset\msg1248233413-26698.jpg</path>
	<source>
		<database>Unknown</database>
	</source>
	<size>
		<width>1280</width>
		<height>960</height>
		<depth>3</depth>
	</size>
	<segmented>0</segmented>
	<object>
		<name>pedestrian</name>
		<pose>Unspecified</pose>
		<truncated>0</truncated>
		<difficult>0</difficult>
		<bndbox>
			<xmin>224</xmin>
			<ymin>327</ymin>
			<xmax>394</xmax>
			<ymax>609</ymax>
		</bndbox>
	</object>
	<object>
		<name>sombie</name>
		<pose>Unspecified</pose>
		<truncated>0</truncated>
		<difficult>0</difficult>
		<bndbox>
			<xmin>757</xmin>
			<ymin>302</ymin>
			<xmax>939</xmax>
			<ymax>709</ymax>
		</bndbox>
	</object>
</annotation>
