<annotation>
	<folder>dataset</folder>
	<filename>msg1248233413-26658.jpg</filename>
	<path>C:\Users\arhip\Downloads\dataset\msg1248233413-26658.jpg</path>
	<source>
		<database>Unknown</database>
	</source>
	<size>
		<width>1280</width>
		<height>960</height>
		<depth>3</depth>
	</size>
	<segmented>0</segmented>
	<object>
		<name>sombie</name>
		<pose>Unspecified</pose>
		<truncated>0</truncated>
		<difficult>0</difficult>
		<bndbox>
			<xmin>261</xmin>
			<ymin>405</ymin>
			<xmax>413</xmax>
			<ymax>636</ymax>
		</bndbox>
	</object>
	<object>
		<name>pedestrian</name>
		<pose>Unspecified</pose>
		<truncated>0</truncated>
		<difficult>0</difficult>
		<bndbox>
			<xmin>1103</xmin>
			<ymin>374</ymin>
			<xmax>1188</xmax>
			<ymax>526</ymax>
		</bndbox>
	</object>
	<object>
		<name>pedestrian</name>
		<pose>Unspecified</pose>
		<truncated>0</truncated>
		<difficult>0</difficult>
		<bndbox>
			<xmin>1048</xmin>
			<ymin>375</ymin>
			<xmax>1121</xmax>
			<ymax>509</ymax>
		</bndbox>
	</object>
</annotation>
