<annotation>
	<folder>dataset</folder>
	<filename>msg1248233413-26657.jpg</filename>
	<path>C:\Users\arhip\Downloads\dataset\msg1248233413-26657.jpg</path>
	<source>
		<database>Unknown</database>
	</source>
	<size>
		<width>1280</width>
		<height>967</height>
		<depth>3</depth>
	</size>
	<segmented>0</segmented>
	<object>
		<name>sombie</name>
		<pose>Unspecified</pose>
		<truncated>0</truncated>
		<difficult>0</difficult>
		<bndbox>
			<xmin>381</xmin>
			<ymin>406</ymin>
			<xmax>537</xmax>
			<ymax>611</ymax>
		</bndbox>
	</object>
	<object>
		<name>pedestrian</name>
		<pose>Unspecified</pose>
		<truncated>0</truncated>
		<difficult>0</difficult>
		<bndbox>
			<xmin>1161</xmin>
			<ymin>377</ymin>
			<xmax>1247</xmax>
			<ymax>535</ymax>
		</bndbox>
	</object>
	<object>
		<name>pedestrian</name>
		<pose>Unspecified</pose>
		<truncated>0</truncated>
		<difficult>0</difficult>
		<bndbox>
			<xmin>1096</xmin>
			<ymin>373</ymin>
			<xmax>1174</xmax>
			<ymax>524</ymax>
		</bndbox>
	</object>
</annotation>
