<annotation>
	<folder>dataset</folder>
	<filename>msg1248233413-26675.jpg</filename>
	<path>C:\Users\arhip\Downloads\dataset\msg1248233413-26675.jpg</path>
	<source>
		<database>Unknown</database>
	</source>
	<size>
		<width>1280</width>
		<height>960</height>
		<depth>3</depth>
	</size>
	<segmented>0</segmented>
	<object>
		<name>sombie</name>
		<pose>Unspecified</pose>
		<truncated>0</truncated>
		<difficult>0</difficult>
		<bndbox>
			<xmin>369</xmin>
			<ymin>311</ymin>
			<xmax>465</xmax>
			<ymax>445</ymax>
		</bndbox>
	</object>
	<object>
		<name>pedestrian</name>
		<pose>Unspecified</pose>
		<truncated>0</truncated>
		<difficult>0</difficult>
		<bndbox>
			<xmin>82</xmin>
			<ymin>322</ymin>
			<xmax>151</xmax>
			<ymax>433</ymax>
		</bndbox>
	</object>
</annotation>
