<annotation>
	<folder>dataset</folder>
	<filename>msg1248233413-26778.jpg</filename>
	<path>C:\Users\arhip\Downloads\dataset\msg1248233413-26778.jpg</path>
	<source>
		<database>Unknown</database>
	</source>
	<size>
		<width>1200</width>
		<height>829</height>
		<depth>3</depth>
	</size>
	<segmented>0</segmented>
	<object>
		<name>sombie</name>
		<pose>Unspecified</pose>
		<truncated>0</truncated>
		<difficult>0</difficult>
		<bndbox>
			<xmin>684</xmin>
			<ymin>28</ymin>
			<xmax>954</xmax>
			<ymax>795</ymax>
		</bndbox>
	</object>
	<object>
		<name>pedestrian</name>
		<pose>Unspecified</pose>
		<truncated>0</truncated>
		<difficult>0</difficult>
		<bndbox>
			<xmin>249</xmin>
			<ymin>12</ymin>
			<xmax>521</xmax>
			<ymax>800</ymax>
		</bndbox>
	</object>
</annotation>
