<annotation>
	<folder>dataset</folder>
	<filename>msg1248233413-26729.jpg</filename>
	<path>C:\Users\arhip\Downloads\dataset\msg1248233413-26729.jpg</path>
	<source>
		<database>Unknown</database>
	</source>
	<size>
		<width>1280</width>
		<height>960</height>
		<depth>3</depth>
	</size>
	<segmented>0</segmented>
	<object>
		<name>sombie</name>
		<pose>Unspecified</pose>
		<truncated>0</truncated>
		<difficult>0</difficult>
		<bndbox>
			<xmin>515</xmin>
			<ymin>237</ymin>
			<xmax>729</xmax>
			<ymax>779</ymax>
		</bndbox>
	</object>
	<object>
		<name>sombie</name>
		<pose>Unspecified</pose>
		<truncated>0</truncated>
		<difficult>0</difficult>
		<bndbox>
			<xmin>708</xmin>
			<ymin>305</ymin>
			<xmax>829</xmax>
			<ymax>644</ymax>
		</bndbox>
	</object>
</annotation>
