<annotation>
	<folder>dataset</folder>
	<filename>msg1248233413-26727.jpg</filename>
	<path>C:\Users\arhip\Downloads\dataset\msg1248233413-26727.jpg</path>
	<source>
		<database>Unknown</database>
	</source>
	<size>
		<width>1280</width>
		<height>960</height>
		<depth>3</depth>
	</size>
	<segmented>0</segmented>
	<object>
		<name>sombie</name>
		<pose>Unspecified</pose>
		<truncated>0</truncated>
		<difficult>0</difficult>
		<bndbox>
			<xmin>914</xmin>
			<ymin>253</ymin>
			<xmax>1107</xmax>
			<ymax>679</ymax>
		</bndbox>
	</object>
	<object>
		<name>sombie</name>
		<pose>Unspecified</pose>
		<truncated>0</truncated>
		<difficult>0</difficult>
		<bndbox>
			<xmin>396</xmin>
			<ymin>277</ymin>
			<xmax>552</xmax>
			<ymax>655</ymax>
		</bndbox>
	</object>
	<object>
		<name>sombie</name>
		<pose>Unspecified</pose>
		<truncated>0</truncated>
		<difficult>0</difficult>
		<bndbox>
			<xmin>187</xmin>
			<ymin>255</ymin>
			<xmax>411</xmax>
			<ymax>782</ymax>
		</bndbox>
	</object>
</annotation>
