<annotation>
	<folder>dataset</folder>
	<filename>msg1248233413-26702.jpg</filename>
	<path>C:\Users\arhip\Downloads\dataset\msg1248233413-26702.jpg</path>
	<source>
		<database>Unknown</database>
	</source>
	<size>
		<width>1280</width>
		<height>960</height>
		<depth>3</depth>
	</size>
	<segmented>0</segmented>
	<object>
		<name>sombie</name>
		<pose>Unspecified</pose>
		<truncated>0</truncated>
		<difficult>0</difficult>
		<bndbox>
			<xmin>352</xmin>
			<ymin>161</ymin>
			<xmax>623</xmax>
			<ymax>795</ymax>
		</bndbox>
	</object>
	<object>
		<name>sombie</name>
		<pose>Unspecified</pose>
		<truncated>0</truncated>
		<difficult>0</difficult>
		<bndbox>
			<xmin>590</xmin>
			<ymin>134</ymin>
			<xmax>806</xmax>
			<ymax>765</ymax>
		</bndbox>
	</object>
	<object>
		<name>pedestrian</name>
		<pose>Unspecified</pose>
		<truncated>0</truncated>
		<difficult>0</difficult>
		<bndbox>
			<xmin>967</xmin>
			<ymin>199</ymin>
			<xmax>1115</xmax>
			<ymax>518</ymax>
		</bndbox>
	</object>
</annotation>
