<annotation>
	<folder>dataset</folder>
	<filename>msg1248233413-26739.jpg</filename>
	<path>C:\Users\arhip\Downloads\dataset\msg1248233413-26739.jpg</path>
	<source>
		<database>Unknown</database>
	</source>
	<size>
		<width>1280</width>
		<height>960</height>
		<depth>3</depth>
	</size>
	<segmented>0</segmented>
	<object>
		<name>sombie</name>
		<pose>Unspecified</pose>
		<truncated>0</truncated>
		<difficult>0</difficult>
		<bndbox>
			<xmin>847</xmin>
			<ymin>82</ymin>
			<xmax>1115</xmax>
			<ymax>889</ymax>
		</bndbox>
	</object>
	<object>
		<name>pedestrian</name>
		<pose>Unspecified</pose>
		<truncated>0</truncated>
		<difficult>0</difficult>
		<bndbox>
			<xmin>690</xmin>
			<ymin>144</ymin>
			<xmax>883</xmax>
			<ymax>777</ymax>
		</bndbox>
	</object>
</annotation>
