<annotation>
	<folder>dataset</folder>
	<filename>msg1248233413-26673.jpg</filename>
	<path>C:\Users\arhip\Downloads\dataset\msg1248233413-26673.jpg</path>
	<source>
		<database>Unknown</database>
	</source>
	<size>
		<width>1280</width>
		<height>960</height>
		<depth>3</depth>
	</size>
	<segmented>0</segmented>
	<object>
		<name>sombie</name>
		<pose>Unspecified</pose>
		<truncated>0</truncated>
		<difficult>0</difficult>
		<bndbox>
			<xmin>383</xmin>
			<ymin>309</ymin>
			<xmax>459</xmax>
			<ymax>448</ymax>
		</bndbox>
	</object>
	<object>
		<name>pedestrian</name>
		<pose>Unspecified</pose>
		<truncated>0</truncated>
		<difficult>0</difficult>
		<bndbox>
			<xmin>81</xmin>
			<ymin>311</ymin>
			<xmax>150</xmax>
			<ymax>424</ymax>
		</bndbox>
	</object>
</annotation>
