<annotation>
	<folder>dataset</folder>
	<filename>msg1248233413-26752.jpg</filename>
	<path>C:\Users\arhip\Downloads\dataset\msg1248233413-26752.jpg</path>
	<source>
		<database>Unknown</database>
	</source>
	<size>
		<width>1280</width>
		<height>960</height>
		<depth>3</depth>
	</size>
	<segmented>0</segmented>
	<object>
		<name>sombie</name>
		<pose>Unspecified</pose>
		<truncated>0</truncated>
		<difficult>0</difficult>
		<bndbox>
			<xmin>136</xmin>
			<ymin>227</ymin>
			<xmax>385</xmax>
			<ymax>657</ymax>
		</bndbox>
	</object>
	<object>
		<name>pedestrian</name>
		<pose>Unspecified</pose>
		<truncated>0</truncated>
		<difficult>0</difficult>
		<bndbox>
			<xmin>531</xmin>
			<ymin>254</ymin>
			<xmax>662</xmax>
			<ymax>595</ymax>
		</bndbox>
	</object>
</annotation>
