<annotation>
	<folder>dataset</folder>
	<filename>msg1248233413-26703.jpg</filename>
	<path>C:\Users\arhip\Downloads\dataset\msg1248233413-26703.jpg</path>
	<source>
		<database>Unknown</database>
	</source>
	<size>
		<width>1280</width>
		<height>960</height>
		<depth>3</depth>
	</size>
	<segmented>0</segmented>
	<object>
		<name>sombie</name>
		<pose>Unspecified</pose>
		<truncated>0</truncated>
		<difficult>0</difficult>
		<bndbox>
			<xmin>694</xmin>
			<ymin>361</ymin>
			<xmax>760</xmax>
			<ymax>544</ymax>
		</bndbox>
	</object>
	<object>
		<name>sombie</name>
		<pose>Unspecified</pose>
		<truncated>0</truncated>
		<difficult>0</difficult>
		<bndbox>
			<xmin>745</xmin>
			<ymin>370</ymin>
			<xmax>799</xmax>
			<ymax>531</ymax>
		</bndbox>
	</object>
</annotation>
