<annotation>
	<folder>dataset</folder>
	<filename>msg1248233413-26776.jpg</filename>
	<path>C:\Users\arhip\Downloads\dataset\msg1248233413-26776.jpg</path>
	<source>
		<database>Unknown</database>
	</source>
	<size>
		<width>1024</width>
		<height>720</height>
		<depth>3</depth>
	</size>
	<segmented>0</segmented>
	<object>
		<name>sombie</name>
		<pose>Unspecified</pose>
		<truncated>0</truncated>
		<difficult>0</difficult>
		<bndbox>
			<xmin>400</xmin>
			<ymin>10</ymin>
			<xmax>747</xmax>
			<ymax>699</ymax>
		</bndbox>
	</object>
	<object>
		<name>pedestrian</name>
		<pose>Unspecified</pose>
		<truncated>1</truncated>
		<difficult>0</difficult>
		<bndbox>
			<xmin>757</xmin>
			<ymin>1</ymin>
			<xmax>1024</xmax>
			<ymax>680</ymax>
		</bndbox>
	</object>
</annotation>
