<annotation>
	<folder>dataset</folder>
	<filename>msg1248233413-26726.jpg</filename>
	<path>C:\Users\arhip\Downloads\dataset\msg1248233413-26726.jpg</path>
	<source>
		<database>Unknown</database>
	</source>
	<size>
		<width>960</width>
		<height>1280</height>
		<depth>3</depth>
	</size>
	<segmented>0</segmented>
	<object>
		<name>pedestrian</name>
		<pose>Unspecified</pose>
		<truncated>0</truncated>
		<difficult>0</difficult>
		<bndbox>
			<xmin>109</xmin>
			<ymin>256</ymin>
			<xmax>400</xmax>
			<ymax>947</ymax>
		</bndbox>
	</object>
	<object>
		<name>sombie</name>
		<pose>Unspecified</pose>
		<truncated>0</truncated>
		<difficult>0</difficult>
		<bndbox>
			<xmin>376</xmin>
			<ymin>242</ymin>
			<xmax>645</xmax>
			<ymax>970</ymax>
		</bndbox>
	</object>
</annotation>
