<annotation>
	<folder>dataset</folder>
	<filename>msg1248233413-26747.jpg</filename>
	<path>C:\Users\arhip\Downloads\dataset\msg1248233413-26747.jpg</path>
	<source>
		<database>Unknown</database>
	</source>
	<size>
		<width>1280</width>
		<height>960</height>
		<depth>3</depth>
	</size>
	<segmented>0</segmented>
	<object>
		<name>sombie</name>
		<pose>Unspecified</pose>
		<truncated>0</truncated>
		<difficult>0</difficult>
		<bndbox>
			<xmin>718</xmin>
			<ymin>398</ymin>
			<xmax>822</xmax>
			<ymax>540</ymax>
		</bndbox>
	</object>
	<object>
		<name>pedestrian</name>
		<pose>Unspecified</pose>
		<truncated>0</truncated>
		<difficult>0</difficult>
		<bndbox>
			<xmin>381</xmin>
			<ymin>394</ymin>
			<xmax>446</xmax>
			<ymax>530</ymax>
		</bndbox>
	</object>
</annotation>
