<annotation>
	<folder>dataset</folder>
	<filename>msg1248233413-26787.jpg</filename>
	<path>C:\Users\arhip\Downloads\dataset\msg1248233413-26787.jpg</path>
	<source>
		<database>Unknown</database>
	</source>
	<size>
		<width>700</width>
		<height>570</height>
		<depth>3</depth>
	</size>
	<segmented>0</segmented>
	<object>
		<name>sombie</name>
		<pose>Unspecified</pose>
		<truncated>0</truncated>
		<difficult>0</difficult>
		<bndbox>
			<xmin>335</xmin>
			<ymin>7</ymin>
			<xmax>545</xmax>
			<ymax>498</ymax>
		</bndbox>
	</object>
</annotation>
