<annotation>
	<folder>dataset</folder>
	<filename>msg1248233413-26758.jpg</filename>
	<path>C:\Users\arhip\Downloads\dataset\msg1248233413-26758.jpg</path>
	<source>
		<database>Unknown</database>
	</source>
	<size>
		<width>1280</width>
		<height>960</height>
		<depth>3</depth>
	</size>
	<segmented>0</segmented>
	<object>
		<name>sombie</name>
		<pose>Unspecified</pose>
		<truncated>0</truncated>
		<difficult>0</difficult>
		<bndbox>
			<xmin>570</xmin>
			<ymin>337</ymin>
			<xmax>723</xmax>
			<ymax>678</ymax>
		</bndbox>
	</object>
	<object>
		<name>pedestrian</name>
		<pose>Unspecified</pose>
		<truncated>0</truncated>
		<difficult>0</difficult>
		<bndbox>
			<xmin>418</xmin>
			<ymin>386</ymin>
			<xmax>531</xmax>
			<ymax>587</ymax>
		</bndbox>
	</object>
</annotation>
