<annotation>
	<folder>dataset</folder>
	<filename>msg1248233413-26759.jpg</filename>
	<path>C:\Users\arhip\Downloads\dataset\msg1248233413-26759.jpg</path>
	<source>
		<database>Unknown</database>
	</source>
	<size>
		<width>1280</width>
		<height>960</height>
		<depth>3</depth>
	</size>
	<segmented>0</segmented>
	<object>
		<name>sombie</name>
		<pose>Unspecified</pose>
		<truncated>0</truncated>
		<difficult>0</difficult>
		<bndbox>
			<xmin>612</xmin>
			<ymin>345</ymin>
			<xmax>756</xmax>
			<ymax>684</ymax>
		</bndbox>
	</object>
	<object>
		<name>pedestrian</name>
		<pose>Unspecified</pose>
		<truncated>0</truncated>
		<difficult>0</difficult>
		<bndbox>
			<xmin>456</xmin>
			<ymin>388</ymin>
			<xmax>564</xmax>
			<ymax>594</ymax>
		</bndbox>
	</object>
</annotation>
