<annotation>
	<folder>dataset</folder>
	<filename>msg1248233413-26795.jpg</filename>
	<path>C:\Users\arhip\Downloads\dataset\msg1248233413-26795.jpg</path>
	<source>
		<database>Unknown</database>
	</source>
	<size>
		<width>1010</width>
		<height>570</height>
		<depth>3</depth>
	</size>
	<segmented>0</segmented>
	<object>
		<name>sombie</name>
		<pose>Unspecified</pose>
		<truncated>0</truncated>
		<difficult>0</difficult>
		<bndbox>
			<xmin>696</xmin>
			<ymin>199</ymin>
			<xmax>766</xmax>
			<ymax>372</ymax>
		</bndbox>
	</object>
	<object>
		<name>sombie</name>
		<pose>Unspecified</pose>
		<truncated>0</truncated>
		<difficult>0</difficult>
		<bndbox>
			<xmin>526</xmin>
			<ymin>199</ymin>
			<xmax>578</xmax>
			<ymax>349</ymax>
		</bndbox>
	</object>
	<object>
		<name>pedestrian</name>
		<pose>Unspecified</pose>
		<truncated>0</truncated>
		<difficult>0</difficult>
		<bndbox>
			<xmin>379</xmin>
			<ymin>209</ymin>
			<xmax>440</xmax>
			<ymax>339</ymax>
		</bndbox>
	</object>
	<object>
		<name>pedestrian</name>
		<pose>Unspecified</pose>
		<truncated>0</truncated>
		<difficult>0</difficult>
		<bndbox>
			<xmin>580</xmin>
			<ymin>210</ymin>
			<xmax>641</xmax>
			<ymax>376</ymax>
		</bndbox>
	</object>
</annotation>
