<annotation>
	<folder>dataset</folder>
	<filename>msg1248233413-26774.jpg</filename>
	<path>C:\Users\arhip\Downloads\dataset\msg1248233413-26774.jpg</path>
	<source>
		<database>Unknown</database>
	</source>
	<size>
		<width>1280</width>
		<height>960</height>
		<depth>3</depth>
	</size>
	<segmented>0</segmented>
	<object>
		<name>sombie</name>
		<pose>Unspecified</pose>
		<truncated>0</truncated>
		<difficult>0</difficult>
		<bndbox>
			<xmin>462</xmin>
			<ymin>216</ymin>
			<xmax>719</xmax>
			<ymax>705</ymax>
		</bndbox>
	</object>
	<object>
		<name>pedestrian</name>
		<pose>Unspecified</pose>
		<truncated>0</truncated>
		<difficult>0</difficult>
		<bndbox>
			<xmin>1012</xmin>
			<ymin>252</ymin>
			<xmax>1148</xmax>
			<ymax>416</ymax>
		</bndbox>
	</object>
</annotation>
