<annotation>
	<folder>dataset</folder>
	<filename>msg1248233413-26798.jpg</filename>
	<path>C:\Users\arhip\Downloads\dataset\msg1248233413-26798.jpg</path>
	<source>
		<database>Unknown</database>
	</source>
	<size>
		<width>1000</width>
		<height>625</height>
		<depth>3</depth>
	</size>
	<segmented>0</segmented>
	<object>
		<name>sombie</name>
		<pose>Unspecified</pose>
		<truncated>0</truncated>
		<difficult>0</difficult>
		<bndbox>
			<xmin>390</xmin>
			<ymin>60</ymin>
			<xmax>600</xmax>
			<ymax>580</ymax>
		</bndbox>
	</object>
</annotation>
