<annotation>
	<folder>dataset</folder>
	<filename>msg1248233413-26655.jpg</filename>
	<path>C:\Users\arhip\Downloads\dataset\msg1248233413-26655.jpg</path>
	<source>
		<database>Unknown</database>
	</source>
	<size>
		<width>1280</width>
		<height>960</height>
		<depth>3</depth>
	</size>
	<segmented>0</segmented>
	<object>
		<name>sombie</name>
		<pose>Unspecified</pose>
		<truncated>0</truncated>
		<difficult>0</difficult>
		<bndbox>
			<xmin>410</xmin>
			<ymin>393</ymin>
			<xmax>535</xmax>
			<ymax>624</ymax>
		</bndbox>
	</object>
	<object>
		<name>pedestrian</name>
		<pose>Unspecified</pose>
		<truncated>0</truncated>
		<difficult>0</difficult>
		<bndbox>
			<xmin>1152</xmin>
			<ymin>373</ymin>
			<xmax>1245</xmax>
			<ymax>549</ymax>
		</bndbox>
	</object>
	<object>
		<name>pedestrian</name>
		<pose>Unspecified</pose>
		<truncated>0</truncated>
		<difficult>0</difficult>
		<bndbox>
			<xmin>1078</xmin>
			<ymin>397</ymin>
			<xmax>1166</xmax>
			<ymax>540</ymax>
		</bndbox>
	</object>
</annotation>
