<annotation>
	<folder>dataset</folder>
	<filename>msg1248233413-26718.jpg</filename>
	<path>C:\Users\arhip\Downloads\dataset\msg1248233413-26718.jpg</path>
	<source>
		<database>Unknown</database>
	</source>
	<size>
		<width>1280</width>
		<height>967</height>
		<depth>3</depth>
	</size>
	<segmented>0</segmented>
	<object>
		<name>sombie</name>
		<pose>Unspecified</pose>
		<truncated>0</truncated>
		<difficult>0</difficult>
		<bndbox>
			<xmin>315</xmin>
			<ymin>178</ymin>
			<xmax>637</xmax>
			<ymax>957</ymax>
		</bndbox>
	</object>
	<object>
		<name>pedestrian</name>
		<pose>Unspecified</pose>
		<truncated>0</truncated>
		<difficult>0</difficult>
		<bndbox>
			<xmin>152</xmin>
			<ymin>137</ymin>
			<xmax>345</xmax>
			<ymax>692</ymax>
		</bndbox>
	</object>
	<object>
		<name>sombie</name>
		<pose>Unspecified</pose>
		<truncated>0</truncated>
		<difficult>0</difficult>
		<bndbox>
			<xmin>875</xmin>
			<ymin>161</ymin>
			<xmax>957</xmax>
			<ymax>347</ymax>
		</bndbox>
	</object>
</annotation>
