<annotation>
	<folder>dataset</folder>
	<filename>msg1248233413-26728.jpg</filename>
	<path>C:\Users\arhip\Downloads\dataset\msg1248233413-26728.jpg</path>
	<source>
		<database>Unknown</database>
	</source>
	<size>
		<width>1280</width>
		<height>960</height>
		<depth>3</depth>
	</size>
	<segmented>0</segmented>
	<object>
		<name>sombie</name>
		<pose>Unspecified</pose>
		<truncated>0</truncated>
		<difficult>0</difficult>
		<bndbox>
			<xmin>804</xmin>
			<ymin>256</ymin>
			<xmax>972</xmax>
			<ymax>732</ymax>
		</bndbox>
	</object>
	<object>
		<name>sombie</name>
		<pose>Unspecified</pose>
		<truncated>0</truncated>
		<difficult>0</difficult>
		<bndbox>
			<xmin>373</xmin>
			<ymin>278</ymin>
			<xmax>545</xmax>
			<ymax>773</ymax>
		</bndbox>
	</object>
	<object>
		<name>sombie</name>
		<pose>Unspecified</pose>
		<truncated>0</truncated>
		<difficult>0</difficult>
		<bndbox>
			<xmin>522</xmin>
			<ymin>285</ymin>
			<xmax>697</xmax>
			<ymax>659</ymax>
		</bndbox>
	</object>
</annotation>
