<annotation>
	<folder>dataset</folder>
	<filename>msg1248233413-26732.jpg</filename>
	<path>C:\Users\arhip\Downloads\dataset\msg1248233413-26732.jpg</path>
	<source>
		<database>Unknown</database>
	</source>
	<size>
		<width>1280</width>
		<height>960</height>
		<depth>3</depth>
	</size>
	<segmented>0</segmented>
	<object>
		<name>sombie</name>
		<pose>Unspecified</pose>
		<truncated>0</truncated>
		<difficult>0</difficult>
		<bndbox>
			<xmin>1130</xmin>
			<ymin>278</ymin>
			<xmax>1263</xmax>
			<ymax>633</ymax>
		</bndbox>
	</object>
	<object>
		<name>pedestrian</name>
		<pose>Unspecified</pose>
		<truncated>0</truncated>
		<difficult>0</difficult>
		<bndbox>
			<xmin>452</xmin>
			<ymin>306</ymin>
			<xmax>603</xmax>
			<ymax>697</ymax>
		</bndbox>
	</object>
</annotation>
