<annotation>
	<folder>dataset</folder>
	<filename>msg1248233413-26724.jpg</filename>
	<path>C:\Users\arhip\Downloads\dataset\msg1248233413-26724.jpg</path>
	<source>
		<database>Unknown</database>
	</source>
	<size>
		<width>960</width>
		<height>1280</height>
		<depth>3</depth>
	</size>
	<segmented>0</segmented>
	<object>
		<name>sombie</name>
		<pose>Unspecified</pose>
		<truncated>0</truncated>
		<difficult>0</difficult>
		<bndbox>
			<xmin>413</xmin>
			<ymin>253</ymin>
			<xmax>667</xmax>
			<ymax>972</ymax>
		</bndbox>
	</object>
	<object>
		<name>pedestrian</name>
		<pose>Unspecified</pose>
		<truncated>0</truncated>
		<difficult>0</difficult>
		<bndbox>
			<xmin>113</xmin>
			<ymin>244</ymin>
			<xmax>420</xmax>
			<ymax>972</ymax>
		</bndbox>
	</object>
</annotation>
