<annotation>
	<folder>dataset</folder>
	<filename>msg1248233413-26644.jpg</filename>
	<path>C:\Users\arhip\Downloads\dataset\msg1248233413-26644.jpg</path>
	<source>
		<database>Unknown</database>
	</source>
	<size>
		<width>1000</width>
		<height>714</height>
		<depth>3</depth>
	</size>
	<segmented>0</segmented>
	<object>
		<name>sombie</name>
		<pose>Unspecified</pose>
		<truncated>0</truncated>
		<difficult>0</difficult>
		<bndbox>
			<xmin>155</xmin>
			<ymin>108</ymin>
			<xmax>456</xmax>
			<ymax>617</ymax>
		</bndbox>
	</object>
</annotation>
