<annotation>
	<folder>dataset</folder>
	<filename>msg1248233413-26772.jpg</filename>
	<path>C:\Users\arhip\Downloads\dataset\msg1248233413-26772.jpg</path>
	<source>
		<database>Unknown</database>
	</source>
	<size>
		<width>1280</width>
		<height>960</height>
		<depth>3</depth>
	</size>
	<segmented>0</segmented>
	<object>
		<name>pedestrian</name>
		<pose>Unspecified</pose>
		<truncated>0</truncated>
		<difficult>0</difficult>
		<bndbox>
			<xmin>915</xmin>
			<ymin>387</ymin>
			<xmax>982</xmax>
			<ymax>531</ymax>
		</bndbox>
	</object>
	<object>
		<name>pedestrian</name>
		<pose>Unspecified</pose>
		<truncated>0</truncated>
		<difficult>0</difficult>
		<bndbox>
			<xmin>1190</xmin>
			<ymin>360</ymin>
			<xmax>1269</xmax>
			<ymax>507</ymax>
		</bndbox>
	</object>
	<object>
		<name>sombie</name>
		<pose>Unspecified</pose>
		<truncated>0</truncated>
		<difficult>0</difficult>
		<bndbox>
			<xmin>735</xmin>
			<ymin>387</ymin>
			<xmax>827</xmax>
			<ymax>549</ymax>
		</bndbox>
	</object>
</annotation>
