<annotation>
	<folder>dataset</folder>
	<filename>msg1248233413-26687.jpg</filename>
	<path>C:\Users\arhip\Downloads\dataset\msg1248233413-26687.jpg</path>
	<source>
		<database>Unknown</database>
	</source>
	<size>
		<width>1280</width>
		<height>960</height>
		<depth>3</depth>
	</size>
	<segmented>0</segmented>
	<object>
		<name>sombie</name>
		<pose>Unspecified</pose>
		<truncated>0</truncated>
		<difficult>0</difficult>
		<bndbox>
			<xmin>337</xmin>
			<ymin>221</ymin>
			<xmax>479</xmax>
			<ymax>537</ymax>
		</bndbox>
	</object>
	<object>
		<name>pedestrian</name>
		<pose>Unspecified</pose>
		<truncated>0</truncated>
		<difficult>0</difficult>
		<bndbox>
			<xmin>579</xmin>
			<ymin>208</ymin>
			<xmax>713</xmax>
			<ymax>538</ymax>
		</bndbox>
	</object>
	<object>
		<name>pedestrian</name>
		<pose>Unspecified</pose>
		<truncated>0</truncated>
		<difficult>0</difficult>
		<bndbox>
			<xmin>713</xmin>
			<ymin>229</ymin>
			<xmax>872</xmax>
			<ymax>587</ymax>
		</bndbox>
	</object>
</annotation>
