<annotation>
	<folder>dataset</folder>
	<filename>msg1248233413-26709.jpg</filename>
	<path>C:\Users\arhip\Downloads\dataset\msg1248233413-26709.jpg</path>
	<source>
		<database>Unknown</database>
	</source>
	<size>
		<width>1280</width>
		<height>960</height>
		<depth>3</depth>
	</size>
	<segmented>0</segmented>
	<object>
		<name>pedestrian</name>
		<pose>Unspecified</pose>
		<truncated>0</truncated>
		<difficult>0</difficult>
		<bndbox>
			<xmin>220</xmin>
			<ymin>392</ymin>
			<xmax>316</xmax>
			<ymax>545</ymax>
		</bndbox>
	</object>
	<object>
		<name>pedestrian</name>
		<pose>Unspecified</pose>
		<truncated>0</truncated>
		<difficult>0</difficult>
		<bndbox>
			<xmin>319</xmin>
			<ymin>388</ymin>
			<xmax>383</xmax>
			<ymax>527</ymax>
		</bndbox>
	</object>
	<object>
		<name>pedestrian</name>
		<pose>Unspecified</pose>
		<truncated>0</truncated>
		<difficult>0</difficult>
		<bndbox>
			<xmin>791</xmin>
			<ymin>384</ymin>
			<xmax>852</xmax>
			<ymax>482</ymax>
		</bndbox>
	</object>
	<object>
		<name>pedestrian</name>
		<pose>Unspecified</pose>
		<truncated>0</truncated>
		<difficult>0</difficult>
		<bndbox>
			<xmin>878</xmin>
			<ymin>391</ymin>
			<xmax>940</xmax>
			<ymax>512</ymax>
		</bndbox>
	</object>
</annotation>
