<annotation>
	<folder>dataset</folder>
	<filename>msg1248233413-26794.jpg</filename>
	<path>C:\Users\arhip\Downloads\dataset\msg1248233413-26794.jpg</path>
	<source>
		<database>Unknown</database>
	</source>
	<size>
		<width>969</width>
		<height>969</height>
		<depth>3</depth>
	</size>
	<segmented>0</segmented>
	<object>
		<name>sombie</name>
		<pose>Unspecified</pose>
		<truncated>0</truncated>
		<difficult>0</difficult>
		<bndbox>
			<xmin>438</xmin>
			<ymin>359</ymin>
			<xmax>601</xmax>
			<ymax>814</ymax>
		</bndbox>
	</object>
	<object>
		<name>pedestrian</name>
		<pose>Unspecified</pose>
		<truncated>0</truncated>
		<difficult>0</difficult>
		<bndbox>
			<xmin>575</xmin>
			<ymin>363</ymin>
			<xmax>778</xmax>
			<ymax>917</ymax>
		</bndbox>
	</object>
	<object>
		<name>pedestrian</name>
		<pose>Unspecified</pose>
		<truncated>0</truncated>
		<difficult>0</difficult>
		<bndbox>
			<xmin>753</xmin>
			<ymin>342</ymin>
			<xmax>958</xmax>
			<ymax>920</ymax>
		</bndbox>
	</object>
</annotation>
