<annotation>
	<folder>dataset</folder>
	<filename>msg1248233413-26788.jpg</filename>
	<path>C:\Users\arhip\Downloads\dataset\msg1248233413-26788.jpg</path>
	<source>
		<database>Unknown</database>
	</source>
	<size>
		<width>888</width>
		<height>574</height>
		<depth>3</depth>
	</size>
	<segmented>0</segmented>
	<object>
		<name>sombie</name>
		<pose>Unspecified</pose>
		<truncated>0</truncated>
		<difficult>0</difficult>
		<bndbox>
			<xmin>254</xmin>
			<ymin>120</ymin>
			<xmax>414</xmax>
			<ymax>565</ymax>
		</bndbox>
	</object>
</annotation>
