<annotation>
	<folder>dataset</folder>
	<filename>msg1248233413-26792.jpg</filename>
	<path>C:\Users\arhip\Downloads\dataset\msg1248233413-26792.jpg</path>
	<source>
		<database>Unknown</database>
	</source>
	<size>
		<width>1280</width>
		<height>723</height>
		<depth>3</depth>
	</size>
	<segmented>0</segmented>
	<object>
		<name>sombie</name>
		<pose>Unspecified</pose>
		<truncated>1</truncated>
		<difficult>0</difficult>
		<bndbox>
			<xmin>491</xmin>
			<ymin>1</ymin>
			<xmax>849</xmax>
			<ymax>723</ymax>
		</bndbox>
	</object>
	<object>
		<name>pedestrian</name>
		<pose>Unspecified</pose>
		<truncated>1</truncated>
		<difficult>0</difficult>
		<bndbox>
			<xmin>849</xmin>
			<ymin>77</ymin>
			<xmax>1112</xmax>
			<ymax>723</ymax>
		</bndbox>
	</object>
</annotation>
