<annotation>
	<folder>dataset</folder>
	<filename>msg1248233413-26740.jpg</filename>
	<path>C:\Users\arhip\Downloads\dataset\msg1248233413-26740.jpg</path>
	<source>
		<database>Unknown</database>
	</source>
	<size>
		<width>1280</width>
		<height>960</height>
		<depth>3</depth>
	</size>
	<segmented>0</segmented>
	<object>
		<name>sombie</name>
		<pose>Unspecified</pose>
		<truncated>0</truncated>
		<difficult>0</difficult>
		<bndbox>
			<xmin>623</xmin>
			<ymin>144</ymin>
			<xmax>902</xmax>
			<ymax>786</ymax>
		</bndbox>
	</object>
</annotation>
