<annotation>
	<folder>dataset</folder>
	<filename>msg1248233413-26652.jpg</filename>
	<path>C:\Users\arhip\Downloads\dataset\msg1248233413-26652.jpg</path>
	<source>
		<database>Unknown</database>
	</source>
	<size>
		<width>1280</width>
		<height>960</height>
		<depth>3</depth>
	</size>
	<segmented>0</segmented>
	<object>
		<name>sombie</name>
		<pose>Unspecified</pose>
		<truncated>0</truncated>
		<difficult>0</difficult>
		<bndbox>
			<xmin>492</xmin>
			<ymin>388</ymin>
			<xmax>582</xmax>
			<ymax>571</ymax>
		</bndbox>
	</object>
	<object>
		<name>pedestrian</name>
		<pose>Unspecified</pose>
		<truncated>0</truncated>
		<difficult>0</difficult>
		<bndbox>
			<xmin>377</xmin>
			<ymin>390</ymin>
			<xmax>472</xmax>
			<ymax>552</ymax>
		</bndbox>
	</object>
</annotation>
