<annotation>
	<folder>dataset</folder>
	<filename>msg1248233413-26686.jpg</filename>
	<path>C:\Users\arhip\Downloads\dataset\msg1248233413-26686.jpg</path>
	<source>
		<database>Unknown</database>
	</source>
	<size>
		<width>1280</width>
		<height>960</height>
		<depth>3</depth>
	</size>
	<segmented>0</segmented>
	<object>
		<name>sombie</name>
		<pose>Unspecified</pose>
		<truncated>0</truncated>
		<difficult>0</difficult>
		<bndbox>
			<xmin>331</xmin>
			<ymin>227</ymin>
			<xmax>464</xmax>
			<ymax>579</ymax>
		</bndbox>
	</object>
	<object>
		<name>pedestrian</name>
		<pose>Unspecified</pose>
		<truncated>0</truncated>
		<difficult>0</difficult>
		<bndbox>
			<xmin>594</xmin>
			<ymin>220</ymin>
			<xmax>732</xmax>
			<ymax>573</ymax>
		</bndbox>
	</object>
	<object>
		<name>pedestrian</name>
		<pose>Unspecified</pose>
		<truncated>0</truncated>
		<difficult>0</difficult>
		<bndbox>
			<xmin>711</xmin>
			<ymin>260</ymin>
			<xmax>874</xmax>
			<ymax>639</ymax>
		</bndbox>
	</object>
</annotation>
