<annotation>
	<folder>dataset</folder>
	<filename>msg1248233413-26699.jpg</filename>
	<path>C:\Users\arhip\Downloads\dataset\msg1248233413-26699.jpg</path>
	<source>
		<database>Unknown</database>
	</source>
	<size>
		<width>1280</width>
		<height>967</height>
		<depth>3</depth>
	</size>
	<segmented>0</segmented>
	<object>
		<name>sombie</name>
		<pose>Unspecified</pose>
		<truncated>0</truncated>
		<difficult>0</difficult>
		<bndbox>
			<xmin>473</xmin>
			<ymin>253</ymin>
			<xmax>611</xmax>
			<ymax>587</ymax>
		</bndbox>
	</object>
	<object>
		<name>pedestrian</name>
		<pose>Unspecified</pose>
		<truncated>0</truncated>
		<difficult>0</difficult>
		<bndbox>
			<xmin>625</xmin>
			<ymin>233</ymin>
			<xmax>733</xmax>
			<ymax>492</ymax>
		</bndbox>
	</object>
</annotation>
