<annotation>
	<folder>dataset</folder>
	<filename>msg1248233413-26760.jpg</filename>
	<path>C:\Users\arhip\Downloads\dataset\msg1248233413-26760.jpg</path>
	<source>
		<database>Unknown</database>
	</source>
	<size>
		<width>1280</width>
		<height>960</height>
		<depth>3</depth>
	</size>
	<segmented>0</segmented>
	<object>
		<name>pedestrian</name>
		<pose>Unspecified</pose>
		<truncated>0</truncated>
		<difficult>0</difficult>
		<bndbox>
			<xmin>449</xmin>
			<ymin>433</ymin>
			<xmax>565</xmax>
			<ymax>625</ymax>
		</bndbox>
	</object>
	<object>
		<name>sombie</name>
		<pose>Unspecified</pose>
		<truncated>0</truncated>
		<difficult>0</difficult>
		<bndbox>
			<xmin>599</xmin>
			<ymin>383</ymin>
			<xmax>757</xmax>
			<ymax>729</ymax>
		</bndbox>
	</object>
</annotation>
